text,sentiment
"OJK Blak-Blakan Alasan Tingginya Kredit Macet BPR Hingga Banyak Tutup",negatif
"BSI Fokus Perlebar Pangsa Pasar ke Timur Tengah",positif
"Fitur Canggih QLola by BRI Permudah Transaksi Bisnis Nasabah Korporasi",positif
"Saham Eks Jiwasraya Sitaan Kejagung (ANDI) Punya Investor Baru",positif
"BSI Angkat Tiga Komisaris dan Dua Direktur Baru",positif
"Tok! BSI Bagi Dividen Rp 855 Miliar atau Rp 18,54 per Saham",positif
"Peran QLola by BRI di Trade Finance & Sektor Supply Chain Management",positif
"IHSG Sukses Happy Weekend, 5 Saham Ini Jadi Penggeraknya",positif
"Investor Ini Diam-Diam Jadi Pemegang Saham 5% Dua Emiten Dalam Sehari",positif
"Bos Mitra10 (CSAP) Borong Saham Rp 12 Miliar, Buat Apa?",positif
"Sri Mulyani Terbitkan Samurai Bond, Tarik Utang Baru Rp20,8 T",positif
"Saham naik karena investor tetap optimis tentang ekonomi.",positif
"Pasaran jatuh setelah laporan laba yang mengecewakan.",negatif
"Perusahaan teknologi mengumumkan keuntungan yang memecahkan rekor.",positif
"Investor khawatir tentang inflasi dan kenaikan suku bunga.",negatif
"Emiten pertambangan alami kenaikan harga saham signifikan.",positif
"Nilai tukar rupiah melemah, pasar saham tertekan.",negatif
"Penggabungan dua perusahaan besar disambut baik oleh pasar.",positif
"Penurunan harga komoditas menyebabkan saham terkait jatuh.",negatif
"Dividen tinggi dari perusahaan blue-chip menarik minat investor.",positif
"Kebijakan baru pemerintah dukung pertumbuhan sektor energi.",positif
"Laba bersih perusahaan turun akibat peningkatan biaya operasional.",negatif
"Sektor properti menunjukkan tanda-tanda pemulihan.",positif
"Skandal keuangan mengguncang perusahaan teknologi ternama.",negatif
"Penawaran saham perdana (IPO) perusahaan startup sukses besar.",positif
"Ketidakpastian politik regional mempengaruhi pasar saham.",negatif
"Pengumuman akuisisi oleh perusahaan besar mendorong harga saham naik.",positif
"Penurunan harga minyak global membebani sektor energi.",negatif
"Saham bank besar naik setelah laporan laba yang solid.",positif
"Rencana ekspansi internasional perusahaan disambut positif oleh investor.",positif
"Peningkatan suku bunga oleh bank sentral mengkhawatirkan pasar.",negatif
"Laporan pendapatan kuartalan perusahaan mengalahkan ekspektasi.",positif
"Pemangkasan tenaga kerja oleh perusahaan besar menyebabkan kekhawatiran.",negatif
"Perusahaan ritel melaporkan peningkatan penjualan yang signifikan.",positif
"Krisis ekonomi global membayangi pasar saham.",negatif
"Investasi besar dalam teknologi hijau dipuji oleh pasar.",positif
"Penurunan permintaan menyebabkan harga saham produsen jatuh.",negatif
"Strategi baru manajemen perusahaan meningkatkan optimisme investor.",positif
"Kenaikan pajak perusahaan berdampak negatif pada laba bersih.",negatif
"Inovasi produk baru diterima dengan baik oleh konsumen dan pasar.",positif
"Protes buruh besar-besaran mengganggu operasional perusahaan.",negatif
"Perusahaan farmasi mengumumkan terobosan medis, saham melonjak.",positif
"Pasar saham mengalami volatilitas tinggi karena ketidakpastian global.",negatif
"Keputusan merger disambut baik, saham kedua perusahaan naik.",positif
"Laporan keuangan yang buruk menekan harga saham.",negatif
"Program buyback saham meningkatkan nilai saham perusahaan.",positif
"Krisis kesehatan global mempengaruhi kinerja pasar saham.",negatif
"Perusahaan mengumumkan rencana pengembangan bisnis jangka panjang.",positif
"Harga komoditas jatuh, mempengaruhi saham sektor pertambangan.",negatif
"Kinerja keuangan yang kuat menarik minat investor institusional.",positif
"Kebijakan moneter ketat menekan pertumbuhan pasar saham.",negatif
"Investasi besar dalam riset dan pengembangan dipuji oleh analis.",positif
"Kerugian besar dilaporkan oleh perusahaan minyak dan gas.",negatif
"Perusahaan berhasil capai target penjualan tahunan lebih awal.",positif
"Ketidakpastian perdagangan global mempengaruhi pasar saham.",negatif
"Pengumuman dividen spesial meningkatkan minat investor.",positif
"Penurunan produksi menyebabkan harga saham industri turun.",negatif
"Akuisisi strategis oleh perusahaan besar meningkatkan nilai saham.",positif
"Pasar saham terpukul oleh ketidakpastian politik.",negatif
"Perusahaan e-commerce melaporkan peningkatan pendapatan signifikan.",positif
"Krisis energi global menyebabkan volatilitas pasar saham.",negatif
"Peningkatan produksi membawa optimisme pada saham perusahaan manufaktur.",positif
"Penurunan harga properti membebani saham sektor terkait.",negatif
"Keberhasilan strategi pemasaran baru mendorong pertumbuhan saham.",positif
"Laporan kerugian perusahaan menyebabkan penurunan harga saham.",negatif
"Perusahaan telekomunikasi mengumumkan peningkatan laba bersih.",positif
"Ketidakpastian ekonomi global menyebabkan investor berhati-hati.",negatif
"Pengembangan teknologi baru meningkatkan prospek pertumbuhan saham.",positif
"Kenaikan biaya bahan baku menekan laba perusahaan.",negatif
"Perusahaan berhasil mencapai target keberlanjutan lingkungan.",positif
"Perusahaan melaporkan kerugian akibat bencana alam.",negatif
"Saham naik setelah laporan keuangan yang kuat dirilis.",positif
"Investor waspada terhadap potensi resesi ekonomi.",negatif
"Kerjasama strategis antar perusahaan meningkatkan prospek saham.",positif
"Penurunan permintaan produk menyebabkan saham turun.",negatif
"Perusahaan mencapai kesepakatan besar dengan mitra internasional.",positif
"Krisis politik regional mempengaruhi pasar saham lokal.",negatif
"Pengumuman peluncuran produk baru meningkatkan minat investor.",positif
"Laporan pendapatan yang mengecewakan menekan harga saham.",negatif
"Perusahaan meluncurkan inisiatif keberlanjutan yang ambisius.",positif
"Penurunan nilai tukar mata uang menyebabkan saham jatuh.",negatif
"Akuisisi oleh perusahaan besar diterima positif oleh pasar.",positif
"Ketidakpastian regulasi berdampak negatif pada saham.",negatif
"Perusahaan teknologi melaporkan peningkatan pengguna yang signifikan.",positif
"Penurunan harga minyak global membebani sektor energi.",negatif
"Perusahaan mencatat rekor penjualan dalam kuartal terakhir.",positif
"Kenaikan suku bunga menyebabkan kekhawatiran di kalangan investor.",negatif
"Inovasi produk baru disambut baik oleh pasar.",positif
"Penurunan harga komoditas mempengaruhi saham pertambangan.",negatif
"Laporan keuangan yang kuat mendorong kenaikan harga saham.",positif
"Krisis kesehatan global menyebabkan volatilitas pasar.",negatif
"Perusahaan mencapai kesepakatan besar dengan mitra internasional.",positif
"Penghargaan dari pemerintah meningkatkan citra perusahaan.",positif
"Penurunan permintaan dari pasar luar negeri membebani kinerja perusahaan.",negatif
"Perusahaan memperluas jaringan distribusi untuk meningkatkan penjualan.",positif
"Kenaikan tarif impor menghambat pertumbuhan industri.",negatif
"Inisiatif digitalisasi perusahaan diterima positif oleh pasar.",positif
"Pengumuman kerugian kuartal menyebabkan saham anjlok.",negatif
"Saham teknologi melonjak setelah pengumuman kerjasama baru.",positif
"Kebijakan fiskal baru memberikan dorongan bagi pasar saham.",positif
"Pelemahan ekonomi global membebani sentimen pasar saham.",negatif
"Perusahaan mengumumkan program CSR yang ambisius.",positif
"Penurunan penjualan retail menyebabkan saham jatuh.",negatif
"Inovasi teknologi baru meningkatkan efisiensi operasional perusahaan.",positif
"Ketidakpastian kebijakan moneter membebani pasar saham.",negatif
"Perusahaan memperoleh kontrak besar dari pemerintah.",positif
"Penurunan harga komoditas energi membebani kinerja perusahaan.",negatif
"Kenaikan pendapatan perusahaan mengalahkan ekspektasi analis.",positif
"Krisis politik di Timur Tengah mempengaruhi pasar energi.",negatif
"Strategi diversifikasi bisnis perusahaan diterima positif oleh pasar.",positif
"Penurunan permintaan produk menyebabkan pengurangan produksi.",negatif
"Perusahaan melaporkan peningkatan laba bersih yang signifikan.",positif
"Krisis ekonomi menyebabkan penurunan harga saham secara luas.",negatif
"Saham perusahaan konstruksi naik setelah proyek baru diumumkan.",positif
"Pengurangan tenaga kerja menyebabkan kekhawatiran investor.",negatif
"Perusahaan mengumumkan rencana ekspansi ke pasar internasional.",positif
"Penurunan harga logam mulia mempengaruhi saham sektor pertambangan.",negatif
"Pengembangan produk baru diterima baik oleh pasar.",positif
"Kenaikan biaya bahan baku menekan margin keuntungan perusahaan.",negatif
"Inisiatif hijau perusahaan mendapat dukungan dari investor.",positif
"Pengumuman kerugian kuartal menyebabkan saham jatuh.",negatif
"Perusahaan mengumumkan peningkatan dividen bagi pemegang saham.",positif
"Penurunan permintaan global mempengaruhi kinerja ekspor perusahaan.",negatif
"Perusahaan memperoleh penghargaan atas inovasi produk.",positif
"Penurunan harga minyak mentah mempengaruhi saham energi.",negatif
"Saham naik setelah pengumuman laporan keuangan yang kuat.",positif
"Investor khawatir tentang potensi resesi ekonomi global.",negatif
"Perusahaan melaporkan peningkatan laba operasional yang signifikan.",positif
"Ketidakpastian politik regional mempengaruhi pasar saham.",negatif
"Akuisisi strategis oleh perusahaan besar diterima baik oleh pasar.",positif
"Laporan pendapatan yang mengecewakan menekan harga saham.",negatif
"Perusahaan teknologi melaporkan rekor peningkatan pengguna.",positif
"Penurunan harga komoditas membebani saham sektor pertambangan.",negatif
"Kenaikan laba bersih perusahaan menarik minat investor.",positif
"Krisis ekonomi global menyebabkan penurunan harga saham secara luas.",negatif
"Pengumuman produk baru meningkatkan minat investor.",positif
"Penurunan permintaan menyebabkan saham turun.",negatif
"Perusahaan mengumumkan rencana merger strategis.",positif
"Krisis kesehatan global menyebabkan volatilitas pasar saham.",negatif
"Perusahaan mencatat peningkatan penjualan tahunan yang signifikan.",positif
"Investor khawatir tentang kenaikan inflasi dan suku bunga.",negatif
"Akuisisi oleh perusahaan besar diterima positif oleh pasar.",positif
"Laporan pendapatan yang mengecewakan menekan harga saham.",negatif
"Perusahaan mengumumkan peningkatan dividen bagi pemegang saham.",positif
"Ketidakpastian ekonomi global menyebabkan investor berhati-hati.",negatif
"Inovasi teknologi baru meningkatkan efisiensi operasional perusahaan.",positif
"Penurunan permintaan global membebani kinerja ekspor perusahaan.",negatif
"Saham teknologi melonjak setelah pengumuman kerjasama baru.",positif
"Kebijakan fiskal baru memberikan dorongan bagi pasar saham.",positif
"Pelemahan ekonomi global membebani sentimen pasar saham.",negatif
"Perusahaan memperoleh kontrak besar dari pemerintah.",positif
"Penurunan harga komoditas energi membebani kinerja perusahaan.",negatif
"Strategi diversifikasi bisnis perusahaan diterima positif oleh pasar.",positif
"Kenaikan pendapatan perusahaan mengalahkan ekspektasi analis.",positif
"Krisis politik di Timur Tengah mempengaruhi pasar energi.",negatif
"Saham perusahaan konstruksi naik setelah proyek baru diumumkan.",positif
"Pengurangan tenaga kerja menyebabkan kekhawatiran investor.",negatif
"Perusahaan melaporkan peningkatan laba bersih yang signifikan.",positif
"Krisis ekonomi menyebabkan penurunan harga saham secara luas.",negatif
"Perusahaan mengumumkan rencana ekspansi ke pasar internasional.",positif
"Penurunan harga logam mulia mempengaruhi saham sektor pertambangan.",negatif
"Pengembangan produk baru diterima baik oleh pasar.",positif
"Kenaikan biaya bahan baku menekan margin keuntungan perusahaan.",negatif
"Inisiatif hijau perusahaan mendapat dukungan dari investor.",positif
"Pengumuman kerugian kuartal menyebabkan saham jatuh.",negatif
"Perusahaan memperoleh penghargaan atas inovasi produk.",positif
"Penurunan harga minyak mentah mempengaruhi saham energi.",negatif
"Saham naik setelah pengumuman laporan keuangan yang kuat.",positif
"Investor khawatir tentang potensi resesi ekonomi global.",negatif
"Perusahaan melaporkan peningkatan laba operasional yang signifikan.",positif
"Ketidakpastian politik regional mempengaruhi pasar saham.",negatif
"Penghargaan dari pemerintah meningkatkan citra perusahaan.",positif
"Penurunan permintaan dari pasar luar negeri membebani kinerja perusahaan.",negatif
"Perusahaan memperluas jaringan distribusi untuk meningkatkan penjualan.",positif
"Kenaikan tarif impor menghambat pertumbuhan industri.",negatif
"Inisiatif digitalisasi perusahaan diterima positif oleh pasar.",positif
"Pengumuman kerugian kuartal menyebabkan saham anjlok.",negatif
"Strategi diversifikasi bisnis perusahaan diterima positif oleh pasar.",positif
"Ketidakpastian kebijakan moneter membebani pasar saham.",negatif
"Perusahaan memperoleh penghargaan atas inovasi produk.",positif
"Penurunan harga minyak mentah mempengaruhi saham energi.",negatif
"Saham teknologi melonjak setelah pengumuman kerjasama baru.",positif
"Kebijakan fiskal baru memberikan dorongan bagi pasar saham.",positif
"Pelemahan ekonomi global membebani sentimen pasar saham.",negatif
"Perusahaan melaporkan peningkatan laba bersih yang signifikan.",positif
"Penurunan harga komoditas energi membebani kinerja perusahaan.",negatif
"Penghargaan dari pemerintah meningkatkan citra perusahaan.",positif
"Penurunan permintaan dari pasar luar negeri membebani kinerja perusahaan.",negatif
"Perusahaan memperluas jaringan distribusi untuk meningkatkan penjualan.",positif
"Kenaikan tarif impor menghambat pertumbuhan industri.",negatif
"Inisiatif digitalisasi perusahaan diterima positif oleh pasar.",positif